{
  "num_qubits": 4,
  "scaler_mean": [
    -0.009285911084338834,
    0.34114313215395126,
    -0.09040494437503992,
    0.00808258046271454
  ],
  "scaler_scale": [
    1.0974812169563308,
    0.7663876917137159,
    0.8549384342599757,
    0.8046413109832652
  ],
  "class_centroids": {
    "jamming": [
      0.8239307435162403,
      -0.631924007987219,
      -0.7296680444692094,
      0.6618910555157216
    ],
    "spoofing": [
      -0.8239307435162394,
      0.6319240079872219,
      0.72966804446921,
      -0.6618910555157228
    ]
  },
  "training_metrics": {
    "accuracy": 0.9508333333333333,
    "f1": 0.9508742714404663,
    "train_samples": 2400,
    "num_qubits": 4,
    "val_accuracy": 0.935,
    "val_f1": 0.9348370927318296,
    "test_accuracy": 0.945,
    "test_f1": 0.9443037974683545,
    "attempt": 1
  },
  "timestamp": "2026-05-27T10:48:03.122374"
}