{
  "num_qubits": 4,
  "scaler_mean": [
    -0.009285911084338837,
    0.34114313215395126,
    -0.09040494437503992,
    0.008082580462714541
  ],
  "scaler_scale": [
    1.0974812169563308,
    0.7663876917137159,
    0.8549384342599757,
    0.8046413109832652
  ],
  "class_centroids": {
    "jamming": [
      0.8239307435162403,
      -0.631924007987219,
      -0.7296680444692094,
      0.6618910555157216
    ],
    "spoofing": [
      -0.8239307435162394,
      0.6319240079872219,
      0.72966804446921,
      -0.6618910555157228
    ]
  },
  "training_metrics": {
    "accuracy": 0.95125,
    "f1": 0.9512296790329304,
    "train_samples": 2400,
    "num_qubits": 4,
    "val_accuracy": 0.9375,
    "val_f1": 0.9378109452736318,
    "test_accuracy": 0.94625,
    "test_f1": 0.9453621346886912,
    "attempt": 1
  },
  "timestamp": "2026-03-25T22:25:28.081905"
}